id,name
f74c7855-407a-4989-9079-1e0e98ed1232,McClure-Homenick
e089d826-6001-45ae-9c5f-0109c044c30b,Herman-Conn
c8b20b59-51b1-4f8b-a3eb-26e207287184,Howell Group
b824de3c-cacf-4489-84ca-b7801cba3db7,"Littel, McLaughlin and Hermiston"
b17d9f5b-5c1e-423c-9e0f-4430ece9147b,Prosacco LLC
b0125450-cc7e-464d-ba7d-cab6ff9c17c5,White LLC
aa76d8d2-d1d5-4b26-ae7e-95b0f484a7f3,"Mann, Heller and Grant"
a621843d-fee4-4f59-82b2-62a0cf74549f,Rolfson-Langworth
8d2d1561-0557-41e9-9e0e-acf9eabb5fbf,Conroy-Conroy
84c3afa9-e55f-4df0-aca5-548c9cdd74ee,Wiegand and Sons
815baa9d-02cc-49ae-bf3e-0e8958712efb,"Fritsch, Nicolas and Ruecker"
710fbb15-7b65-40f3-99f6-a7e990cb4b53,D'Amore Inc
6240b294-5b27-4d32-b593-d0d73d57bce7,"Tremblay, Bosco and Kiehn"
5cf08038-6c03-4d00-99ce-15c927bb71c0,Little-Rippin
52d36a44-a02a-4729-9ffc-9a1241623042,Kuhn-Gorczany
484d45e3-5ecf-4a0a-a6ce-bdf5b150520a,Haag Inc
3748229b-f545-4303-a4f0-bf39565f86f2,Nader-Collier
26cc1c37-325f-473c-84cb-f3db7140369c,Huel-Spinka
0a7aa027-d6dd-4c60-b5d9-29f837be7cba,Towne-Dach
05d02e85-9789-441d-b28f-689c6511cf7e,Feest and Sons
